title,id
documentlists.xlsx,1rNGLfS-p6S0IJbQFU4xCP5CJv1YF3zLJ
space rent,1KRkAFjVeAqy-GSQ3iuXEbw3CdWOPfQUV
Project Wireframes,1yKGrWYEgVKiQ1FaYgmZBRZDO4tuLXV4dAc5MAs6J4P0
ข้อกำหนดความต้องการระบบ,10o8Dythbi6_jdvQB4fZqWr0NVRQ-w1NuWxYz5ssGeeI
BP payment,19oek9KqMVIbWT1VQBt2l5d1sInMkqokT
BP Register ,1GpHqxD3Nz4Nou3TLg4BACidn0-bcEnb6
Untitled Diagram.drawio,1VxgF2YFF9UJt88u2LLJAvHUkMS4G2OLt
software requirement specification,1da3Ut5J4nD3dV-__tKvYn4EDFLEjBSWhp3fjsTX0fIk
Slide-for-training-Govt_12-27-Mar-2018_final-2.pdf,1NwcIc5oyD9f1HPHCO1E6bb5jq4idprgw
software requirement specification.pdf,1FSok90Zy7XWcZGFuK09JX_eLFwVJR5oF
4a46371925dd3da5279a773dfb01d33b.pdf,1l9FtdJCwM8muQoPsgAJvdtR4x3zrxXFF
table of rent system,19pl-gUAbT2pcdVZOK7t-skEXclNb4qyLMAO2hs3MfJY
